lr_mse_cv_results,lr_adj_r2_results,lr_mse_mean,lr_mse_95_ci_lower,lr_mse_95_ci_upper,lr_adj_r2_mean,lr_adj_r2_95_ci_lower,lr_adj_r2_95_ci_upper
"[0.7125837676842889, 0.761975676346488, 0.6742800397219464, 0.6549155908639523, 0.798162859980139]","[0.8438013529531472, 0.8352273364246374, 0.8498182931038326, 0.8433078007422604, 0.8221733812085051]",0.7203835869193629,0.6462677122982461,0.7944994615404797,0.8388656328864765,0.8256094024584661,0.8521218633144869
