param,xgb_mse_cv_results,xgb_adj_r2_cv_results,early_stopping_rounds,early_stopping_round_mean,xgb_mse_mean,xgb_mse_95_ci_lower,xgb_mse_95_ci_upper,xgb_adj_r2_mean,xgb_adj_r2_95_ci_lower,xgb_adj_r2_95_ci_upper
"{'colsample_bytree': 1, 'gamma': 0.1, 'learning_rate': 0.01, 'max_depth': 5, 'reg_lambda': 2, 'subsample': 0.8}","[0.5522462149416729, 0.6200049640109209, 0.5024826216484608, 0.5042204568023834, 0.5675273088381331]","[0.8789474086801645, 0.8659276502894933, 0.8880825571583789, 0.8793624500786699, 0.8735578069806043]","[1039, 471, 388, 404, 594]",579.0,0.5492963132483142,0.48858116884259906,0.6100114576540293,0.8771755746374621,0.8670408248687824,0.8873103244061418
"{'colsample_bytree': 1, 'gamma': 0.1, 'learning_rate': 0.1, 'max_depth': 7, 'reg_lambda': 2, 'subsample': 0.8}","[0.5517498138495904, 0.6284437825763217, 0.5099304865938431, 0.5148957298907646, 0.5660377358490566]","[0.8790562199982048, 0.8641028064583655, 0.8864237017802916, 0.8768083315919061, 0.873889676253621]","[43, 48, 28, 36, 32]",37.0,0.5542115097519154,0.4947836189121596,0.6136394005916711,0.8760561472164777,0.8659568237120926,0.8861554707208629
"{'colsample_bytree': 1, 'gamma': 0.1, 'learning_rate': 0.1, 'max_depth': 5, 'reg_lambda': 2, 'subsample': 0.8}","[0.5440555969223132, 0.6336559940431868, 0.4898212512413108, 0.5424528301886793, 0.5613207547169812]","[0.8807427954278295, 0.8629756970332572, 0.8909026113011272, 0.870215142009795, 0.8749405956181742]","[43, 44, 34, 53, 44]",44.0,0.5542612854224942,0.4898936418324166,0.6186289290125717,0.8759553682780366,0.862803230891988,0.8891075056640851
"{'colsample_bytree': 1, 'gamma': 0.1, 'learning_rate': 0.01, 'max_depth': 7, 'reg_lambda': 2, 'subsample': 0.8}","[0.5443037974683544, 0.6383718044179697, 0.4955312810327706, 0.5201092353525323, 0.5948361469712016]","[0.8806883897688094, 0.861955931362921, 0.889630822177927, 0.8755609714006959, 0.8674735369752965]","[494, 465, 337, 413, 544]",451.0,0.5586304530485657,0.4869245501947145,0.630336355902417,0.87506193033713,0.8615524545655296,0.8885714061087303
